<?xml version="1.0"?>
<Project Version="1" Minor="3" DIGEST="">
	<TOOL_VERSION Version="2016.4"/>
	<MODE Name="Post-Synthesis"/>
	<SYSTEMINFO BOARD="" PART="xc7z010clg400-1" ARCH="zynq" PACKAGE="clg400" DEVICE="7z010" SPEED="-1" LUT="17600" FF="35200" BRAM="60" DSP="80"/>
	<HIERARCHY Name="ILA_wrapper"/>
	<File Type="HW_HANDOFF" Name="ILA.hwh" DESIGN_HIERARCHY="ILA_i" BD_TYPE="DEFAULT_BD"/>
	<File Type="BD_TCL" Name="ILA_bd.tcl"/>
	<File Type="PS_FSBL_INIT" Name="ps7_init.c"/>
	<File Type="PS_FSBL_INIT" Name="ps7_init.h"/>
	<File Type="PS_FSBL_INIT_GPL" Name="ps7_init_gpl.c"/>
	<File Type="PS_FSBL_INIT_GPL" Name="ps7_init_gpl.h"/>
	<File Type="PS_INIT_HELP" Name="ps7_init.html"/>
	<File Type="PS_XMD_INIT" Name="ps7_init.tcl"/>
	<File Type="BIT" Name="ILA_wrapper.bit"/>
	<USEDRESOURCES LUT="0" FF="3300" BRAM="4" DSP="0"/>
</Project>

